domain,company_type
american-pcs.com,Managed Service Provider
anatomyit.com,Managed Service Provider
beowulftech.com,Managed Service Provider
creativetech.com,Managed Service Provider
daystarinc.com,Managed Service Provider
envisiondesign.net,Managed Service Provider
fantasticit.com,Managed Service Provider
getabsolute.com,Managed Service Provider
goliveoak.com,Managed Service Provider
granite.tech,Managed Service Provider
hocsinc.com,Managed Service Provider
pavelcomm.com,Managed Service Provider
mitchandco.com,Managed Service Provider
myprecisionit.com,Managed Service Provider
nocdoc.com,Managed Service Provider
sage-it.com,Managed Service Provider
simpatico.com,Managed Service Provider
simplegrid.com,Managed Service Provider
smartdolphins.com,Managed Service Provider
timbuktech.com,Managed Service Provider
torchnetworks.com,Managed Service Provider
tsts.com,Managed Service Provider
metroeighteen.com,Integrator - Residential A/V
signalsav.com,Integrator - Residential A/V
ati-america.com,Integrator - Residential A/V
fairfieldis.io,Integrator - Residential A/V
atlanticstereo.com,Integrator - Residential A/V
jobesystems.com,Integrator - Residential A/V
s-waves.com,Integrator - Residential A/V
tunestreetgb.com,Integrator - Residential A/V
robertshomeav.com,Integrator - Residential A/V
globalwaveintegration.com,Integrator - Residential A/V
fhtla.com,Integrator - Residential A/V
roberttaussig.co.uk,Integrator - Residential A/V
osbee.com,Integrator - Residential A/V
twentytwointegration.com,Integrator - Residential A/V
solutionsix.com,Integrator - Residential A/V
sona.technology,Integrator - Residential A/V
inspire-av.com,Integrator - Residential A/V
newlandsolutions.co.uk,Integrator - Residential A/V
cyberhomes.co.uk,Integrator - Residential A/V
ecny.net,Integrator - Residential A/V
automation-arts.com,Integrator - Commercial A/V
avitpartners.com,Integrator - Commercial A/V
avlabs.ca,Integrator - Commercial A/V
cti.com,Integrator - Commercial A/V
displaymanager.net,Integrator - Commercial A/V
kinly.com,Integrator - Commercial A/V
l3av.com,Integrator - Commercial A/V
ligllc.com,Integrator - Commercial A/V
natheatrix.com,Integrator - Commercial A/V
premier-tg.com,Integrator - Commercial A/V
presentationproducts.com,Integrator - Commercial A/V
proavsolutions.com.au,Integrator - Commercial A/V
rts-av.com,Integrator - Commercial A/V
sarner.com,Integrator - Commercial A/V
slintegrated.com,Integrator - Commercial A/V
soundworxsystems.com,Integrator - Commercial A/V
sovilux.be,Integrator - Commercial A/V
whitwam.ltd.uk,Integrator - Commercial A/V
aveio.se,Integrator - Commercial A/V
tsrav.nl,Integrator - Commercial A/V
